Deformation[in],Force[kip]
-0.033994334,1.227259466
0.04036827225000002,23.142954408196413
0.11473087850000004,45.05864935039283
0.18909348475000004,66.97434429258925
0.26345609100000006,83.85127958431757
0.3378186972500001,90.74067324586301
0.4121813035000001,94.39086430360413
0.48654390975000006,95.99371313155787
0.5609065160000001,97.1729739463433
0.6352691222500002,98.03662014514563
0.7096317285000002,98.63448561881395
0.7839943347500002,99.23235109248229
0.8413597729999999,87.79987365033769
0.7669971667499998,65.5796385037249
0.6926345604999998,42.58420892073078
0.6182719542499998,19.090441291733082
0.543909348,1.355255852
0.469546741875,-16.90595413816284
0.39518413575,-32.896953495
0.320821529625,-48.14044472274193
0.24645892349999995,-56.916604709000005
0.172096317375,-63.560981834940755
0.09773371124999991,-68.64020571553816
0.023371105125000083,-70.91765775276907
-0.050991501,-73.19510979
-0.12516095763636365,-78.1819819695745
-0.19933041427272727,-83.00489850510783
-0.2734998709090909,-87.57756695266175
-0.34766932754545454,-89.88218229445378
-0.4218387841818182,-91.58994155781514
-0.49600824081818173,-93.27115935896401
-0.5701776974545455,-94.34192348628386
-0.6443471540909091,-95.41268761360371
-0.7185166107272729,-96.62073517608718
-0.7926860673636364,-97.9550835030436
-0.866855524,-99.28943183
-0.80311614725,-56.21053047974493
-0.7393767705,-45.44059932249999
-0.6756373937500001,-14.114189637565898
-0.611898017,-2.887447884
-0.5420207743333334,19.374860273872685
-0.47214353166666667,33.393044099318324
-0.402266289,44.77802977715947
-0.3323890463333333,56.07073059085825
-0.2625118036666666,66.84663542283269
-0.19263456099999993,70.95956504528516
-0.12275731833333328,75.04378378855554
-0.0528800756666665,79.00495590427778
0.016997167,82.96612802
0.09469850247619047,85.46856002979185
0.17239983795238095,87.9709920395837
0.25010117342857147,90.20016465018136
0.3278025089047619,92.24237029834393
0.4055038443809523,94.2845759465065
0.48320517985714284,95.34592412563686
0.5609065153333332,96.37563174279131
0.6386078508095238,97.62682329567569
0.7163091862857143,99.30084782305373
0.7940105217619047,100.97487235043178
0.8717118572380953,101.61338756315192
0.9494131927142856,102.18286880987343
1.0271145281904759,102.75235005659495
1.1048158636666665,103.32183130331647
1.1825171991428571,103.93910528521721
1.2602185346190475,104.89092844453675
1.337919870095238,105.84275160385629
1.4156212055714286,106.71477795985314
1.493322541047619,107.3828791513974
1.5710238765238094,108.05098034294167
1.648725212,99.27437343
1.5773371102,72.54759840372309
1.5059490084,47.747734241682146
1.4345609066,29.59238800927244
1.3631728048,11.437041929637903
1.291784703,0.856446406
1.2177970342352942,-23.213096768437364
1.1438093654705883,-33.06337086150153
1.0698216967058825,-42.28437001087313
0.9958340279411765,-51.19268599799134
0.9218463591764706,-59.09563861076389
0.8478586904117648,-63.289820822020815
0.7738710216470589,-67.36908528262492
0.6998833528823529,-70.50027822850778
0.6258956841176472,-73.63147117439064
0.5519080153529412,-76.65743418492693
0.47792034658823535,-78.92340325564138
0.40393267782352943,-81.17200103888032
0.3299450090588236,-83.11660126958012
0.25595734029411776,-85.06120150027992
0.18196967152941163,-86.42052289204814
0.10798200276470582,-87.77182676602408
0.033994334,-89.12313064
-0.04249291809090909,-91.23309459938709
-0.11898017018181818,-93.34305855877419
-0.1954674222727273,-94.84255739393254
-0.2719546743636364,-96.16763762629971
-0.3484419264545455,-97.49271785866688
-0.4249291785454546,-98.79288114920219
-0.5014164306363637,-100.00583514605803
-0.5779036827272728,-101.21878914291386
-0.6543909348181818,-102.4317431397697
-0.730878186909091,-103.36328222591084
-0.807365439,-104.25964445
-0.8838526910909091,-105.15600667408917
-0.9603399431818183,-106.0377118743203
-1.0368271952727273,-106.80216087772922
-1.1133144473636365,-107.56660988113815
-1.1898016994545455,-108.33105888454709
-1.2662889515454545,-109.16472162189605
-1.3427762036363637,-110.05375534722626
-1.4192634557272725,-110.94278907255645
-1.4957507078181822,-111.83182279788667
-1.572237959909091,-112.72085652321688
-1.648725212,-102.1204107
-1.57648725175,-68.21736784708284
-1.5042492914999999,-38.854746008345614
-1.43201133125,-18.683707698056764
-1.359773371,-0.395282957
-1.2823418318333333,16.11011595386504
-1.2049102926666666,33.304576017180196
-1.1274787535,48.16114993986157
-1.0500472143333333,57.25914149046182
-0.9726156751666666,66.35713295620299
-0.895184136,71.91138132666667
-0.8177525968333333,76.16625724762606
-0.7403210576666666,79.44660384282811
-0.6628895185,81.8853114556855
-0.5854579793333332,84.3240190685429
-0.5080264401666668,86.5195286334405
-0.4305949010000003,87.96112422712744
-0.35316336183333336,89.40271982081438
-0.27573182266666646,90.84431541450134
-0.19830028349999995,92.13771219168154
-0.1208687443333333,93.28996723778769
-0.04343720516666663,94.44222228389386
0.033994334,95.59447733
0.10995042465624999,96.23640966829915
0.18590651531249996,96.8783420065983
0.26186260596874994,97.52027434489744
0.33781869662499997,98.1622066831966
0.41377478728125,98.80413901621614
0.4897308779375,99.44607134745938
0.56568696859375,100.0880036787026
0.64164305925,100.72993600994583
0.71759914990625,101.44608700938169
0.7935552405624999,102.23750201308142
0.8695113312187499,103.02891701678115
0.945467421875,103.82033202048088
1.0214235125312499,104.6117470241806
1.0973796031874998,105.28805658298994
1.1733356938437498,105.75027000849545
1.2492917844999998,106.21248343400097
1.3252478751562498,106.67469685950648
1.4012039658124997,107.136910285012
1.4771600564687497,107.66782849583791
1.5531161471249997,108.20864019654468
1.6290722377812497,108.74945189725145
1.7050283284374996,109.27669228099191
1.7809844190937496,109.62343413834921
1.8569405097499998,109.97017599570653
1.9328966004062498,110.31691785306384
2.0088526910624998,110.66539005265992
2.0848087817187495,111.05337173047873
2.1607648723749997,111.44135340829754
2.2367209630312495,111.82933508611634
2.3126770536874997,112.32009917195681
2.3886331443437494,112.93077607057641
2.4645892349999996,94.80391142000029
2.388101983,71.86338260911958
2.3116147309999997,53.574016734999915
2.235127479,31.796278802613465
2.158640227,5.699603776
2.0812086878148146,-9.083142169142908
2.0037771486296294,-21.20808092579961
1.9263456094444442,-33.7759874439775
1.848914070259259,-46.897603877040176
1.7714825310740738,-54.482121757102064
1.6940509918888889,-60.868612878454684
1.6166194527037037,-66.1141261022446
1.5391879135185182,-71.08580463322603
1.461756374333333,-73.52451224666666
1.3843248351481479,-75.9632198601073
1.3068932959629627,-78.40192747354793
1.2294617567777777,-80.45778427128101
1.1520302175925925,-82.420828750427
1.074598678407407,-84.383873229573
0.9971671392222222,-86.03051207351422
0.9197356000370369,-87.56113551775626
0.8423040608518516,-89.0917589619983
0.7648725216666664,-90.53177534431597
0.6874409824814811,-91.64963326469002
0.6100094432962959,-92.76749118506406
0.5325779041111107,-93.88534910543811
0.4551463649259255,-95.00320702581216
0.3777148257407406,-95.98683225792978
0.30028328655555575,-96.76071890594733
0.2228517473703703,-97.5346055539649
0.14542020818518547,-98.30849220198245
0.067988669,-99.08237885
-0.008241050303030309,-99.80877817319107
-0.08447076960606062,-100.53517749638215
-0.16070048890909097,-101.26157681957322
-0.23693020821212124,-101.9879761427643
-0.31315992751515154,-102.78478769912937
-0.3893896468181819,-103.73291065037317
-0.46561936612121213,-104.68103360161697
-0.5418490854242425,-105.62915655286078
-0.6180788047272728,-106.62384148175092
-0.6943085240303031,-107.6340470706709
-0.7705382433333334,-108.6442526595909
-0.8467679626363638,-109.6544582485109
-0.922997681939394,-110.64548773681837
-0.9992274012424243,-111.37188704933122
-1.0754571205454546,-112.09828636184409
-1.1516868398484852,-112.82468567435694
-1.2279165591515153,-113.55108498686981
-1.3041462784545457,-114.2337627937962
-1.3803759977575758,-114.84663960138569
-1.4566057170606062,-115.45951640897518
-1.5328354363636367,-116.07239321656466
-1.609065155666667,-116.68527002415415
-1.6852948749696972,-117.29814683174364
-1.7615245942727276,-118.39426134512098
-1.8377543135757575,-119.60313132552766
-1.9139840328787878,-120.81200130593434
-1.9902137521818182,-121.79204402078591
-2.066443471484848,-122.51009609667645
-2.1426731907878787,-123.22814817256699
-2.218902910090909,-123.94620024845753
-2.2951326293939394,-124.69386248201897
-2.3713623486969695,-125.45573759100948
-2.4475920679999996,-126.2176127
-2.3796033994,-71.7175044097951
-2.3116147308,-53.09779480004421
-2.2436260621999997,-27.169115282591292
-2.1756373935999997,-10.941432206354772
-2.107648725,0.767978316
-2.03082152956,20.280010911115955
-1.95399433412,36.33689406180002
-1.8771671386799997,48.537298726083826
-1.8003399432399998,58.13836785610013
-1.7235127477999999,66.6005665692883
-1.6466855523599997,71.37284279253038
-1.5698583569199998,76.14511901577244
-1.4930311614799998,79.7726396860682
-1.4162039660399999,82.14940888712776
-1.3393767706,84.52617808818732
-1.2625495751599998,86.69070238521742
-1.1857223797199998,88.50971172929063
-1.10889518428,90.32872107336385
-1.0320679888399997,92.14773041743709
-0.9552407933999998,93.9667397615103
-0.8784135979599998,94.9768092089381
-0.80158640252,95.94942773553095
-0.7247592070800002,96.92204626212379
-0.6479320116399998,97.89466478871663
-0.5711048161999996,98.79427240372586
-0.49427762076000015,98.94186762298068
-0.41745042532,99.0894628422355
-0.3406232298799997,99.23705806149034
-0.2637960344400002,99.38465328074517
-0.186968839,99.5322485
-0.10941926391666666,100.3353848677439
-0.031869688833333326,101.1385212354878
0.045679886250000024,101.9416576032317
0.12322946133333335,102.7447939709756
0.20077903641666667,103.54793033871951
0.27832861150000004,104.31138416675131
0.3558781865833333,104.63171628784211
0.43342776166666663,104.95204840893291
0.51097733675,105.27238053002371
0.5885269118333334,105.59271265111451
0.6660764869166667,105.92419184201924
0.7436260620000001,106.26047957294591
0.8211756370833333,106.59676730387258
0.8987252121666667,106.93305503479924
0.97627478725,107.43982710736157
1.0538243623333334,108.0952265597477
1.1313739374166667,108.75062601213382
1.2089235125000002,109.40602546451996
1.2864730875833335,109.89544856344085
1.3640226626666667,110.10209713473584
1.4415722377500002,110.30874570603085
1.5191218128333335,110.51539427732584
1.5966713879166667,110.68311012560756
1.6742209630000002,110.84464617678563
1.7517705380833337,111.0061822279637
1.829320113166667,111.16771827914178
1.9068696882500002,111.48894029915482
1.9844192633333337,112.26400664345712
2.0619688384166674,113.03907298775941
2.1395184135000003,113.81413933206171
2.217067988583334,114.589205676364
2.2946175636666672,115.1250693681727
2.3721671387500005,115.62729518737763
2.449716713833334,116.12952100658254
2.5272662889166675,116.63174682578746
2.6048158640000008,117.13397264499238
2.682365439083334,117.54386735119309
2.7599150141666673,117.81367346942459
2.837464589250001,118.08347958765609
2.915014164333334,118.35328570588759
2.992563739416667,118.62309182411909
3.070113314500001,118.91761713101093
3.1476628895833345,119.36787332584244
3.2252124646666678,119.81812952067396
3.302762039750001,120.26838571550547
3.3803116148333343,120.71864191033698
3.4578611899166676,121.1688981051685
3.535410765,121.6191543
3.4674220965,85.28072936796728
3.399433428,65.11063217
3.3314447595,46.22514189287708
3.263456091,32.85460187227299
3.1954674225,9.915955529116303
3.127478754,-8.703754247
3.050369654292683,-22.78776402114014
2.973260554585366,-33.21323723878287
2.8961514548780487,-41.89655017475066
2.819042355170732,-51.71139909599767
2.741933255463415,-59.89005907205681
2.6648241557560977,-65.1137289693828
2.5877150560487805,-70.33739886670882
2.5106059563414638,-73.0977351886918
2.433496856634146,-75.71810935691326
2.356387756926829,-78.33848352513472
2.2792786572195123,-80.95885769335618
2.202169557512195,-83.48357353471684
2.125060457804878,-85.11547826555429
2.047951358097561,-86.74738299639174
1.970842258390244,-88.37928772722917
1.893733158682927,-90.0111924580666
1.8166240589756095,-91.64309718890405
1.7395149592682924,-93.2750019197415
1.6624058595609754,-94.222887968534
1.585296759853658,-95.11509807251306
1.5081876601463413,-96.00730817649212
1.4310785604390244,-96.89951828047118
1.353969460731707,-97.79172838445025
1.2768603610243903,-98.6839384884293
1.1997512613170729,-99.54407725146682
1.1226421616097557,-100.0853891443839
1.0455330619024386,-100.62670103730098
0.9684239621951214,-101.16801293021804
0.8913148624878047,-101.70932482313512
0.8142057627804873,-102.25232779193529
0.7370966630731706,-102.87227471290603
0.6599875633658528,-103.49222163387678
0.5828784636585361,-104.11216855484753
0.5057693639512194,-104.73211547581828
0.42866026424390175,-105.35206239678902
0.351551164536585,-105.97200931775977
0.2744420648292678,-106.59195623663463
0.19733296512195073,-107.21190315247597
0.12022386541463362,-107.83185006831732
0.04311476570731648,-108.45179698415866
-0.033994334,-109.0717439
-0.11180358802222222,-109.66835126860423
-0.18961284204444445,-110.26495863720845
-0.26742209606666667,-110.86156600581268
-0.3452313500888889,-111.4581733744169
-0.4230406041111111,-111.99501523504098
-0.5008498581333333,-112.44677913704918
-0.5786591121555555,-112.89854303905737
-0.6564683661777777,-113.35030694106557
-0.7342776201999999,-113.80207084307376
-0.8120868742222221,-114.25383474508196
-0.8898961282444444,-114.92005135153836
-0.9677053822666666,-116.09603258652669
-1.0455146362888887,-117.27201382151503
-1.1233238903111111,-118.44799505650337
-1.2011331443333333,-119.6239762914917
-1.2789423983555555,-120.1942868299415
-1.3567516523777776,-120.51569160043377
-1.4345609063999998,-120.83709637092602
-1.5123701604222222,-121.15850114141828
-1.5901794144444443,-121.69457496408342
-1.6679886684666665,-122.64772009600009
-1.7457979224888889,-123.60086522791677
-1.823607176511111,-124.35055131288802
-1.901416430533333,-124.89677834568414
-1.9792256845555551,-125.44300537848025
-2.0570349385777775,-125.98923241127638
-2.1348441925999997,-126.5354594440725
-2.2126534466222223,-127.1773161850282
-2.2904627006444445,-127.92456076905273
-2.3682719546666666,-128.67180535307725
-2.446081208688889,-129.41904993710176
-2.523890462711111,-130.16629452112628
-2.601699716733333,-130.9199451033992
-2.6795089707555553,-132.10706813393938
-2.7573182247777774,-133.29419116447957
-2.8351274787999996,-134.35660170048683
-2.912936732822222,-134.83009212800766
-2.9907459868444444,-135.30358255552852
-3.0685552408666665,-135.77707298304935
-3.1463644948888883,-136.2505634105702
-3.224173748911111,-137.0248692876054
-3.3019830029333335,-137.87166081570408
-3.379792256955555,-138.7184523438027
-3.457601510977778,-139.56524387190137
-3.535410765,-140.4120354
-3.4985835693333334,-106.4614646226329
-3.427762039666667,-70.45463816450767
-3.35694051,-51.114478507842385
-3.2861189803333333,-27.842978550833344
-3.2152974506666667,-10.551545180635435
-3.144475921,0.538337741
-3.0675413750000002,19.369855478621247
-2.9906068290000003,43.03176331534608
-2.913672283,51.69541962880733
-2.836737737,61.854966805699206
-2.759803191,69.26554326253235
-2.682868645,74.20397741359645
-2.605934099,78.89099021669821
-2.5289995530000002,82.16617535401893
-2.452065007,85.44136049133965
-2.3751304610000004,88.02732256525138
-2.298195915,89.92406157575415
-2.221261369,91.82080058625691
-2.144326823,93.71753959675968
-2.0673922770000006,94.81606214999414
-1.9904577310000002,95.88573349742953
-1.913523185,96.95540484486492
-1.836588639,98.02507619230032
-1.759654093,99.01971161840362
-1.682719547,99.95208319496687
-1.6057850009999999,100.88445477153013
-1.5288504549999997,101.81682634809339
-1.4519159089999998,102.74919792465664
-1.3749813629999998,103.44658549696922
-1.2980468169999997,103.87374146767694
-1.221112271,104.30089743838464
-1.1441777249999996,104.72805340909235
-1.067243179,105.15520937980007
-0.9903086329999996,105.63747139995385
-0.9133740869999997,106.15576429995848
-0.8364395409999996,106.67405719996309
-0.7595049949999997,107.1923500999677
-0.6825704489999997,107.71064299997232
-0.6056359029999998,108.11527966693521
-0.5287013569999999,108.25763271354816
-0.4517668109999998,108.39998576016113
-0.3748322649999999,108.54233880677408
-0.29789771899999995,108.68469185338705
-0.220963173,108.8270449
-0.14365347730645164,108.93574909111781
-0.06634378161290327,109.04445328223564
0.010965914080645095,109.15315747335345
0.08827560977419346,109.26186166447127
0.1655853054677418,109.37056585558908
0.2428950011612902,109.4792700467069
0.32020469685483854,109.58797423782471
0.39751439254838694,109.88815986989135
0.4748240882419354,110.25399628365996
0.5521337839354838,110.61983269742855
0.6294434796290321,110.98566911119715
0.7067531753225805,111.35150552496576
0.7840628710161287,111.71404441043427
0.8613725667096772,111.96364296008188
0.9386822624032256,112.21324150972949
1.015991958096774,112.4628400593771
1.0933016537903224,112.7124386090247
1.1706113494838708,112.96203715867232
1.2479210451774192,113.2607795101232
1.3252307408709676,113.66786160805583
1.402540436564516,114.07494370598846
1.4798501322580642,114.48202580392109
1.5571598279516126,114.88910790185372
1.634469523645161,115.29618999978635
1.7117792193387094,115.70327209771898
1.7890889150322578,116.00011157823484
1.866398610725806,116.18513354704561
1.9437083064193543,116.37015551585638
2.0210180021129025,116.55517748466715
2.098327697806451,116.74019945347793
2.1756373934999997,116.9252214222887
2.2529470891935475,117.11024339109946
2.330256784887096,117.29526535991023
2.407566480580645,117.5291090614294
2.4848761762741933,117.79808059497951
2.5621858719677415,118.06705212852962
2.6394955676612897,118.33602366207973
2.7168052633548383,118.60499519562984
2.7941149590483865,118.87396672917995
2.8714246547419346,119.14293826273007
2.948734350435483,119.41190979628017
3.026044046129032,119.68088132983029
3.1033537418225796,119.9498528633804
3.1806634375161282,120.21902852965741
3.2579731332096773,120.49519574294737
3.3352828289032246,120.77136295623735
3.4125925245967736,121.04753016952733
3.489902220290322,121.3236973828173
3.56721191598387,121.59986459610728
3.6445216116774186,121.87603180939726
3.721831307370967,122.15219902268723
3.799141003064515,122.5862350123131
3.8764506987580636,123.33600856379992
3.953760394451612,124.08578211528675
4.031070090145161,124.83555566677357
4.108379785838709,125.58532921826038
4.185689481532258,126.33510276974721
4.262999177225806,127.08487632123403
4.340308872919354,127.75605879661296
4.417618568612903,127.49843765592361
4.494928264306451,127.24081651523426
4.57223796,115.2042766
4.4940509912,83.02749087524174
4.4158640224,62.54505750554525
4.337677053599999,42.32840488451524
4.2594900847999995,16.79613741566628
4.181303116,0.831976509
4.103601780517857,-13.99301674724069
4.025900445035714,-26.160202600088606
3.948199109553571,-37.50473379674419
3.870497774071428,-47.646923605178024
3.7927964385892854,-56.77661541147249
3.7150951031071426,-62.26131430381824
3.637393767625,-66.53101558163623
3.559692432142857,-70.62985783258947
3.481991096660714,-74.59580972687135
3.404289761178571,-78.07766100194382
3.3265884256964284,-80.75267791235956
3.2488870902142857,-83.42769482277528
3.1711857547321425,-86.10271173319101
3.09348441925,-87.72327247736163
3.015783083767857,-89.19319662995477
2.9380817482857142,-90.66312078254789
2.8603804128035715,-92.13304493514102
2.7826790773214287,-93.60296908773415
2.7049777418392855,-94.40431437674945
2.6272764063571428,-95.08184876930409
2.5495750708749996,-95.75938316185874
2.4718737353928573,-96.43691755441338
2.394172399910714,-97.11445194696803
2.3164710644285718,-98.10649448485246
2.2387697289464286,-99.1711158286189
2.161068393464286,-100.23573717238533
2.0833670579821426,-101.30035851615176
2.0056657225,-102.3649798599182
1.9279643870178576,-103.42960120368461
1.850263051535714,-104.24873542181783
1.7725617160535716,-104.78965088975953
1.6948603805714286,-105.33056635770124
1.6171590450892857,-105.87148182564296
1.5394577096071427,-106.41239729358469
1.4617563741249997,-106.9533127615264
1.3840550386428572,-107.50178168133442
1.3063537031607146,-108.1031247678035
1.2286523676785719,-108.70446785427256
1.1509510321964291,-109.30581094074162
1.0732496967142857,-109.9071540272107
0.995548361232143,-110.50849711367977
0.9178470257500002,-111.03549592714654
0.8401456902678573,-111.46690924663608
0.7624443547857144,-111.8983225661256
0.6847430193035715,-112.32973588561514
0.6070416838214285,-112.76114920510467
0.5293403483392856,-113.47609485268347
0.451639012857143,-114.3611598972618
0.37393767737499994,-115.24622494184013
0.29623634189285736,-115.87093335378115
0.21853500641071372,-116.2931421614843
0.14083367092857096,-116.71535096918744
0.06313233544642827,-117.13755977689057
-0.014569000035714486,-117.55976858459371
-0.09227033551785718,-117.98197739229686
-0.169971671,-118.4041862
-0.24767300650000001,-118.90739484856925
-0.32537434200000004,-119.41060349713851
-0.4030756775,-119.91381214570775
-0.4807770130000001,-120.41702079427701
-0.5584783485,-120.92022944284626
-0.636179684,-121.44588913466158
-0.7138810195,-121.99135857101345
-0.7915823550000001,-122.53682800736532
-0.8692836905000001,-123.08229744371718
-0.9469850260000001,-123.62776688006905
-1.0246863615000001,-124.12607025974336
-1.102387697,-124.57720758213308
-1.1800890325000002,-125.02834490452283
-1.2577903680000002,-125.47948222691257
-1.3354917035000002,-125.93061954930229
-1.4131930390000003,-126.38175687169203
-1.4908943745000003,-126.93303136283625
-1.5685957100000003,-127.6512011381018
-1.6462970455000003,-128.36937091336733
-1.7239983810000004,-129.08754068863288
-1.8016997165000004,-129.80571046389844
-1.8794010520000004,-130.523880239164
-1.9571023875000004,-131.21411318772465
-2.0348037230000005,-131.89164757819296
-2.1125050585000005,-132.56918196866127
-2.190206394,-133.24671635912958
-2.2679077295,-133.9242507495979
-2.345609065,-134.70511962704938
-2.4233104005,-135.5401160942234
-2.501011736,-136.37511256139743
-2.5787130715,-137.21010902857142
-2.656414407,-138.04510549574545
-2.7341157425000002,-138.88010196291947
-2.8118170780000002,-140.06720110659808
-2.8895184135000003,-141.2656584
-2.9672197490000003,-142.4641156934019
-3.0449210845000003,-143.64323708871956
-3.1226224200000003,-144.22294558370106
-3.2003237555000004,-144.8026540786826
-3.278025091000001,-145.3823625736641
-3.355726426500001,-145.9620710686456
-3.433427762,-146.5417795636271
-3.5111290975000005,-147.2030503962873
-3.588830433,-148.43525762208955
-3.6665317685000005,-149.6674648478918
-3.7442331040000005,-150.89967207369403
-3.8219344395,-152.1318792994963
-3.899635775,-152.7782840980512
-3.9773371105,-153.22942142588312
-4.055038446,-153.68055875371502
-4.1327397815,-154.13169608154695
-4.210441117,-154.58997037871086
-4.288142452500001,-155.08678430903313
-4.365843788,-155.5835982393554
-4.443545123500001,-156.08041216967771
-4.521246459,-156.5772261
-4.4532577905,-89.4525333639811
-4.385269122,-68.61798411999999
-4.3172804535000004,-44.90414407557016
-4.249291785,-31.60004894000005
-4.1813031165,-15.638146807386523
-4.113314448,4.310466528
-4.036220154178571,21.44904134544805
-3.9591258603571426,37.03722863496162
-3.882031566535714,49.829181188603805
-3.8049372727142856,59.17231239863323
-3.727842978892857,65.46806182648443
-3.650748685071428,71.76381125433561
-3.57365439125,76.09307639192764
-3.496560097428571,80.01031624848052
-3.419465803607143,83.9275561050334
-3.342371509785714,87.68214244453634
-3.2652772159642853,89.53368242287881
-3.188182922142857,91.38522240122127
-3.1110886283214287,93.23676237956373
-3.0339943345,95.0883023579062
-2.9569000406785713,96.93429664296715
-2.8798057468571425,98.08153315431973
-2.8027114530357142,99.2287696656723
-2.725617159214286,100.37600617702488
-2.6485228653928568,101.52324268837745
-2.5714285715714285,102.67047919973002
-2.4943342777499997,103.59686099380016
-2.4172399839285714,104.43587169114309
-2.3401456901071427,105.27488238848602
-2.2630513962857144,106.11389308582895
-2.1859571024642857,106.95290378317188
-2.108862808642858,107.26645511168577
-2.0317685148214286,107.49879908462958
-1.954674221,107.73114305757339
-1.8775799271785711,107.9634870305172
-1.8004856333571424,108.19583100346101
-1.7233913395357146,108.4281749764048
-1.6462970457142856,108.8454806467298
-1.5692027518928573,109.34475797776462
-1.4921084580714292,109.84403530879945
-1.4150141642500003,110.34331263983428
-1.3379198704285722,110.84258997086911
-1.2608255766071435,111.2545393499298
-1.183731282785714,111.27161449994661
-1.1066369889642862,111.28868964996342
-1.029542695142857,111.30576479998022
-0.9524484013214292,111.32283994999703
-0.8753541075,111.33991510001384
-0.7982598136785712,111.74006706785958
-0.7211655198571433,112.18767987994731
-0.6440712260357144,112.63529269203504
-0.5669769322142857,113.08290550412276
-0.48988263839285684,113.53051831621049
-0.4127883445714289,113.9781311282982
-0.3356940507499998,114.48744304310439
-0.2585997569285714,115.02116339408947
-0.18150546310714302,115.55488374507456
-0.10441116928571464,116.08860409605964
-0.027316875464285184,116.62232444704473
0.04977741835714217,117.15604479802981
0.12687171217857063,117.6897651490149
0.203966006,118.2234855
0.28118170814285715,118.13997053797527
0.35839741028571426,118.05645557595055
0.4356131124285714,117.97294061392583
0.5128288145714286,117.88942565190112
0.5900445167142857,117.8059106898764
0.6672602188571428,117.72239572785168
0.7444759210000002,117.78427846579076
0.8216916231428572,118.06771960186427
0.8989073252857143,118.35116073793778
0.9761230274285715,118.63460187401128
1.0533387295714287,118.91804301008479
1.1305544317142857,119.2014841461583
1.2077701338571432,119.4849252822318
1.2849858360000002,119.7683664183053
1.3622015381428574,120.10651202258217
1.4394172402857142,120.44993943770534
1.5166329424285718,120.79336685282851
1.5938486445714286,121.13679426795167
1.671064346714286,121.48022168307484
1.7482800488571428,121.82364909819802
1.825495751,122.16707651332119
1.9027114531428575,122.51050392844436
1.9799271552857143,122.6737278391829
2.0571428574285715,122.78229986734442
2.134358559571429,122.89087189550592
2.211574261714286,122.99944392366744
2.288789963857143,123.10801595182895
2.3660056660000004,123.21658797999046
2.4432213681428574,123.32516000815198
2.5204370702857144,123.38770940011075
2.597652772428572,123.40481144009274
2.6748684745714293,123.42191348007475
2.752084176714286,123.43901552005676
2.8292998788571433,123.45611756003876
2.9065155810000003,123.47321960002077
2.9837312831428573,123.49032164000276
3.0609469852857147,123.59141498979477
3.1381626874285717,123.79145700610053
3.2153783895714287,123.9914990224063
3.292594091714286,124.19154103871207
3.369809793857143,124.39158305501785
3.447025496,124.5916250713236
3.524241198142857,124.79166708762938
3.6014569002857146,124.97705993412364
3.6786726024285716,125.10196588858042
3.7558883045714286,125.2268718430372
3.833104006714286,125.35177779749398
3.910319708857143,125.47668375195077
3.987535411,125.60158970640755
4.064751113142858,125.73173484602495
4.1419668152857145,126.02324686053979
4.219182517428571,126.31475887505464
4.296398219571429,126.60627088956947
4.373613921714286,126.89778290408432
4.4508296238571425,127.18929491859916
4.528045326,127.480806933114
4.6052610281428565,127.77231894762885
4.682476730285714,128.0638309621437
4.759692432428571,128.35534297665853
4.836908134571428,128.62154254285585
4.914123836714285,128.83987857177763
4.991339538857143,129.0582146006994
5.068555240999999,129.27655062962117
5.145770943142857,129.49488665854295
5.222986645285714,129.7132226874647
5.300202347428571,129.9315587163865
5.377418049571428,130.26409855107488
5.454633751714286,130.63631936738324
5.531849453857142,131.00854018369162
5.609065156,131.380761
5.541076487333333,88.8407857699754
5.4730878186666665,76.86559419749722
5.40509915,53.59472203
5.337110481333333,36.968367878408934
5.269121812666667,20.120529843055152
5.201133144,2.386756139
5.123896016867647,-6.084523079389842
5.046658889735294,-26.562837650484582
4.969421762602941,-37.232670596149966
4.8921846354705885,-46.75618455156069
4.814947508338235,-54.10599185389816
4.737710381205882,-62.07558195365843
4.660473254073529,-69.51333139749372
4.583236126941176,-73.37324381362494
4.505998999808823,-77.23315622975616
4.42876187267647,-80.04076080395825
4.3515247455441175,-82.51108724053375
4.274287618411765,-84.98141367710927
4.197050491279412,-87.31492015161784
4.119813364147059,-89.20610455328077
4.042576237014705,-91.09728895494368
3.965339109882353,-92.98847335660658
3.88810198275,-94.8796577582695
3.8108648556176465,-96.77084215993241
3.7336277284852937,-98.66202656159534
3.6563906013529412,-99.84158709727559
3.579153474220588,-100.89984810813938
3.5019163470882346,-101.95810911900317
3.4246792199558818,-103.01637012986694
3.3474420928235293,-104.07463114073072
3.270204965691176,-105.1328921515945
3.1929678385588227,-106.10682111587377
3.1157307114264707,-106.98659854755262
3.0384935842941174,-107.86637597923149
2.961256457161764,-108.74615341091037
2.8840193300294112,-109.62593084258923
2.806782202897058,-110.5057082742681
2.729545075764706,-111.36066958025238
2.6523079486323526,-112.16057010592982
2.5750708214999998,-112.96047063160727
2.4978336943676465,-113.76037115728471
2.420596567235293,-114.56027168296215
2.3433594401029407,-115.36017220863958
2.266122312970588,-116.01051678663829
2.188885185838235,-116.40504198390262
2.1116480587058817,-116.79956718116695
2.0344109315735284,-117.19409237843128
1.957173804441176,-117.5886175756956
1.879936677308823,-118.01348281254086
1.80269955017647,-118.75523293270629
1.7254624230441171,-119.49698305287173
1.648225295911764,-120.23873317303716
1.570988168779411,-120.9804832932026
1.4937510416470579,-121.72223341336803
1.4165139145147054,-122.12794680992778
1.3392767873823526,-122.29602097530328
1.2620396602499988,-122.46409514067878
1.184802533117646,-122.63216930605428
1.107565405985293,-122.87950414986125
1.0303282788529404,-123.4772546360473
0.9530911517205872,-124.07500512223338
0.8758540245882347,-124.67275560841944
0.7986168974558815,-125.2705060946055
0.721379770323529,-125.86825658079157
0.6441426431911745,-126.43017878631356
0.5669055160588219,-126.9505101209116
0.48966838892646936,-127.47084145550964
0.41243126179411577,-127.9911727901077
0.3351941346617629,-128.62257179917285
0.25795700752941064,-129.36432191933827
0.18071988039705836,-130.10607203950372
0.10348275326470457,-130.84782215966914
0.026245626132352262,-131.58957227983458
-0.050991501,-132.3313224
-0.12879543509859154,-132.82879233465843
-0.20659936919718308,-133.32626226931686
-0.2844033032957746,-133.82373220397528
-0.36220723739436617,-134.3212021386337
-0.44001117149295765,-135.164196871783
-0.5178151055915492,-136.0685347775925
-0.5956190396901407,-136.97287268340202
-0.6734229737887323,-137.87721058921153
-0.7512269078873239,-138.78154849502104
-0.8290308419859153,-139.53225140594733
-0.9068347760845068,-140.18313056431606
-0.9846387101830985,-140.8340097226848
-1.06244264428169,-141.48488888105356
-1.1402465783802815,-142.1357680394223
-1.218050512478873,-142.88137883235277
-1.2958544465774646,-143.79317139577194
-1.3736583806760563,-144.70496395919108
-1.4514623147746477,-145.61675652261025
-1.5292662488732391,-146.34270075506268
-1.6070701829718308,-146.96823404029874
-1.6848741170704227,-147.59376732553483
-1.762678051169014,-148.2193006107709
-1.8404819852676053,-148.84483389600697
-1.918285919366197,-149.4703671837183
-1.9960898534647888,-150.09590048214235
-2.0738937875633803,-150.72143378056637
-2.1516977216619715,-151.34696707899042
-2.229501655760563,-151.97250037741443
-2.307305589859155,-152.59803367583848
-2.385109523957746,-153.2235669742625
-2.4629134580563377,-153.94549258055318
-2.5407173921549293,-154.72310112297646
-2.618521326253521,-155.50070966539977
-2.6963252603521126,-156.27831820782305
-2.774129194450704,-157.05592675024633
-2.8519331285492955,-157.8065233206391
-2.929737062647887,-158.51500673794826
-3.0075409967464783,-159.22349015525742
-3.08534493084507,-159.9319735725666
-3.1631488649436617,-160.64045698987576
-3.2409527990422533,-161.22557867836534
-3.318756733140845,-161.72304861302376
-3.3965606672394357,-162.2205185476822
-3.4743646013380283,-162.71798848234062
-3.5521685354366195,-163.2710182095268
-3.6299724695352107,-163.89655149623496
-3.7077764036338023,-164.52208478294312
-3.785580337732394,-165.1476180696513
-3.8633842718309857,-165.77315135635945
-3.9411882059295773,-166.39868464306758
-4.0189921400281685,-167.2953018049009
-4.096796074126761,-168.19963970849352
-4.174600008225351,-169.10397761208614
-4.2524039423239435,-170.00831551567876
-4.330207876422535,-170.91265341927138
-4.408011810521127,-171.63216140890114
-4.485815744619718,-172.28304056886543
-4.56361967871831,-172.93391972882972
-4.641423612816902,-173.58479888879404
-4.7192275469154925,-174.23567804875833
-4.797031481014084,-174.94816718271517
-4.874835415112676,-175.72577571887214
-4.9526393492112675,-176.50338425502912
-5.030443283309859,-177.2809927911861
-5.108247217408451,-178.05860132734307
-5.186051151507042,-178.83620986350005
-5.263855085605634,-179.63253535124502
-5.341659019704226,-180.46083563098762
-5.4194629538028165,-181.28913591073018
-5.497266887901408,-180.47034427246248
-5.575070822,-163.4551495
-5.507082153333333,-115.59955964341086
-5.4390934846666665,-81.03300649500557
-5.371104816,-61.74884474
-5.303116147333333,-42.464683444545976
-5.235127478666667,-23.180521871969347
-5.16713881,-5.225264228
-5.09012039640625,8.039302526922393
-5.0131019828125,21.303869145161347
-4.93608356921875,35.60318105919683
-4.859065155625,48.76046639084413
-4.78204674203125,59.606705228838294
-4.7050283284375,66.24751773600175
-4.62800991484375,72.88833024316521
-4.55099150125,76.94727276715386
-4.47397308765625,80.83535626390648
-4.3969546740625,84.72343976065912
-4.31993626046875,87.49871475302952
-4.242917846875,90.07495083284086
-4.16589943328125,92.6511869126522
-4.088881019687499,95.22742299246354
-4.01186260609375,97.28634934923195
-3.9348441925,98.67195194318074
-3.8578257789062502,100.05755453712953
-3.7808073653125,101.44315713107834
-3.70378895171875,102.82875972502713
-3.626770538125,104.00294582665651
-3.5497521245312504,105.02360328618214
-3.4727337109375,106.04426074570776
-3.39571529734375,107.06491820523338
-3.3186968837499995,108.08557566475902
-3.2416784701562498,108.84072923644341
-3.1646600565625,109.58037893159869
-3.08764164296875,110.32002862675398
-3.0106232293749993,111.05967832190926
-2.9336048157812495,111.79932801706455
-2.8565864021875003,112.40165766961232
-2.7795679885937505,112.82015565692564
-2.702549575,113.23865364423895
-2.6255311614062493,113.65715163155228
-2.5485127478124996,114.07564961886558
-2.4714943342187503,114.4941476061789
-2.3944759206250006,114.91264559349221
-2.31745750703125,115.18075203770057
-2.2404390934375,115.41286734225048
-2.16342067984375,115.6449826468004
-2.08640226625,115.87709795135031
-2.0093838526562497,116.10921325590022
-1.9323654390624998,116.34132856045014
-1.85534702546875,116.78202887975418
-1.7783286118749997,117.34650491877964
-1.7013101982812497,117.9109809578051
-1.6242917846875,118.47545699683056
-1.54727337109375,119.03993303585602
-1.4702549574999997,119.2646325743934
-1.3932365439062497,119.38921939046729
-1.3162181303125005,119.51380620654118
-1.2391997167187503,119.63839302261506
-1.1621813031250003,119.76297983868895
-1.0851628895312502,119.88756665476284
-1.0081444759375,120.09718748125933
-0.9311260623437501,120.36514559278548
-0.85410764875,120.63310370431164
-0.7770892351562506,120.90106181583778
-0.7000708215625007,121.16901992736393
-0.62305240796875,121.3625732811851
-0.5460339943749998,121.37963162494809
-0.46901558078124944,121.39668996871106
-0.3919971671875006,121.41374831247404
-0.31497875359375027,121.43080665623701
-0.23796034,121.447865
-0.16095276642857143,121.75624742165394
-0.08394519285714286,122.06462984330787
-0.0069376192857142915,122.37301226496182
0.07006995428571428,122.68139468661575
0.14707752785714284,122.98977710826969
0.2240851014285714,123.29815952992364
0.30109267500000003,123.64315270151542
0.3781002485714286,124.18375187362855
0.45510782214285717,124.72435104574167
0.5321153957142857,125.26495021785479
0.6091229692857142,125.80554938996791
0.6861305428571428,126.30369911418447
0.7631381164285713,126.32075505704795
0.84014569,126.33781099991141
0.9171532635714285,126.35486694277489
0.994160837142857,126.37192288563836
1.0711684107142858,126.38897882850182
1.1481759842857142,126.4060347713653
1.2251835578571426,126.48072173731141
1.3021911314285712,126.6232099078423
1.3791987049999999,126.76569807837319
1.456206278571428,126.90818624890407
1.5332138521428567,127.05067441943497
1.6102214257142853,127.22914938306585
1.6872289992857141,127.59355610960586
1.7642365728571427,127.95796283614587
1.8412441464285716,128.32236956268588
1.9182517199999998,128.6867762892259
1.9952592935714286,129.05118301576587
2.072266867142857,129.2154023428832
2.1492744407142856,129.10702605809598
2.2262820142857143,128.99864977330876
2.303289587857143,128.89027348852153
2.3802971614285715,128.7818972037343
2.457304735,128.70199742486352
2.5343123085714288,128.81939914980504
2.611319882142857,128.93680087474655
2.6883274557142856,129.0542025996881
2.7653350292857146,129.1716043246296
2.842342602857143,129.28900604957113
2.9193501764285714,129.40640777451264
2.99635775,129.5744344064683
3.0733653235714287,129.7921819285899
3.150372897142857,130.00992945071152
3.2273804707142855,130.22767697283314
3.304388044285714,130.44542449495472
3.3813956178571427,130.66317201707633
3.4584031914285713,130.88091953919795
3.535410765,112.3168287
3.4572237962,83.82775081786323
3.3790368274,48.516967335472366
3.3008498586,33.726671248
3.2226628898,15.290749554237618
3.144475921,0.602335934
3.0675839744285716,-16.75372296264304
2.990692027857143,-28.794167306681388
2.9138000812857143,-41.404141768788634
2.8369081347142857,-53.20332684842264
2.760016188142857,-61.110722634586566
2.683124241571429,-67.50530401606461
2.6062322950000003,-72.21898045268202
2.5293403484285717,-76.93265688929942
2.452448401857143,-81.64633332591684
2.3755564552857145,-84.77600406559229
2.298664508714286,-87.79888789520874
2.2217725621428572,-90.82177172482518
2.144880615571429,-93.84465555444163
2.067988669,-95.83922109060705
1.9910967224285716,-97.78858580916359
1.914204775857143,-99.73795052772013
1.8373128292857146,-101.31666865987185
1.760420882714286,-102.83662574776933
1.6835289361428574,-104.35658283566681
1.6066369895714288,-105.66656164762513
1.529745043,-106.91325933488967
1.4528530964285717,-108.15995702215419
1.375961149857143,-109.40665470941873
1.2990692032857143,-110.65335239668326
1.222177256714286,-111.60320405531209
1.1452853101428573,-112.5219904314777
1.0683933635714287,-113.4407768076433
0.991501417,-114.3595631838089
0.9146094704285714,-115.27834955997452
0.8377175238571427,-116.19713593614011
0.7608255772857144,-116.99568817977558
0.6839336307142858,-117.47515751279846
0.6070416841428571,-117.95462684582134
0.5301497375714285,-118.43409617884421
0.45325779099999985,-118.91356551186708
0.3763658444285712,-119.39303484488995
0.33346823185714286,-119.77451541982248
0.2565762852857144,-120.29252133585798
0.17968433871428602,-120.81052725189349
0.10279239214285757,-121.328533167929
0.025900445571428454,-121.8465390839645
-0.050991501,-122.364545
-0.12806486234482758,-122.92942375837244
-0.20513822368965517,-123.49430251674488
-0.28221158503448274,-124.05918127511731
-0.35928494637931035,-124.62406003348976
-0.436358307724138,-125.2069907758979
-0.5134316690689655,-125.8936047076526
-0.5905050304137931,-126.58021863940729
-0.6675783917586207,-127.26683257116197
-0.7446517531034482,-127.95344650291666
-0.8217251144482758,-128.64006043467134
-0.8987984757931035,-129.29994354039724
-0.9758718371379311,-129.84871027027634
-1.0529451984827587,-130.39747700015542
-1.1300185598275863,-130.94624373003452
-1.2070919211724138,-131.61120264913723
-1.2841652825172414,-132.4211535363061
-1.361238643862069,-133.23110442347493
-1.4383120052068965,-134.04105531064377
-1.5153853665517238,-134.79521888430702
-1.5924587278965516,-135.38618374933822
-1.6695320892413794,-135.9771486143694
-1.746605450586207,-136.56811347940058
-1.8236788119310348,-137.15907834443178
-1.900752173275862,-137.78771328051934
-1.9778255346206897,-138.43908807668373
-2.0548988959655174,-139.09046287284815
-2.131972257310345,-139.74183766901257
-2.2090456186551726,-140.39321246605127
-2.28611898,-141.04458726423266
-2.3631923413448277,-141.69596206241403
-2.440265702689655,-142.34733686059542
-2.517339064034483,-143.07588936380898
-2.5944124253793106,-144.04441628923485
-2.671485786724138,-145.0129432146607
-2.7485591480689657,-145.98147014008657
-2.8256325094137926,-146.9430905390784
-2.9027058707586213,-147.781873430044
-2.979779232103448,-148.62065632100956
-3.0568525934482764,-149.45943921197514
-3.1339259547931033,-150.2982221029407
-3.2109993161379315,-151.11152926280062
-3.2880726774827593,-151.82389484679808
-3.365146038827586,-152.53626043079552
-3.4422194001724145,-153.248626014793
-3.5192927615172414,-153.96099159879043
-3.596366122862069,-154.6733571827879
-3.6734394842068965,-155.36687198506888
-3.7505128455517243,-156.03893061268553
-3.8275862068965516,-156.71098924030218
-3.9046595682413794,-157.38304786791883
-3.981732929586207,-158.0551064955355
-4.058806290931035,-158.799111440699
-4.135879652275862,-159.65311123720403
-4.21295301362069,-160.50711103370904
-4.290026374965517,-161.36111083021407
-4.367099736310346,-162.09198682749894
-4.444173097655173,-162.65686556374948
-4.521246459,-163.2217443
-4.4532577904,-100.0837624460317
-4.3852691218,-75.48398628637872
-4.3172804531999995,-49.5553067437431
-4.2492917846,-27.834821805241734
-4.181303116,-6.335821106
-4.103835258076923,10.034518426373612
-4.026367400153846,27.498648067487814
-3.9488995422307687,39.64132162238273
-3.8714316843076917,50.09763429244893
-3.793963826384615,59.536378360890026
-3.716495968461538,67.58996038788679
-3.639028110538461,72.33894167171086
-3.5615602526153842,77.08792295553494
-3.4840923946923072,81.836904239359
-3.4066245367692303,84.98491867775796
-3.3291566788461537,87.69395833086307
-3.2516888209230768,90.40299798396818
-3.174220963,93.1120376370733
-3.096753105076923,94.58417464245943
-3.019285247153846,95.8126793162513
-2.941817389230769,97.04118399004318
-2.864349531307692,98.26968866383504
-2.786881673384615,99.49819333762692
-2.7094138154615384,100.63992432384899
-2.6319459575384614,101.62065352681219
-2.554478099615384,102.6013827297754
-2.4770102416923074,103.58211193273858
-2.3995423837692305,104.56284113570179
-2.322074525846154,105.30350032999527
-2.2446066679230765,105.82538604749983
-2.167138809999999,106.34727176500438
-2.089670952076922,106.86915748250894
-2.0122030941538456,107.39104320001348
-1.9347352362307686,107.86962596778811
-1.8572673783076916,108.2232690793549
-1.7797995203846146,108.57691219092172
-1.7023316624615377,108.93055530248851
-1.6248638045384607,109.28419841405533
-1.5473959466153846,109.63784152562212
-1.4699280886923074,110.040835801497
-1.3924602307692304,110.54253240598798
-1.3149923728461541,111.04422901047897
-1.237524514923077,111.54592561496996
-1.1600566569999997,112.04762221946095
-1.0825887990769227,112.54931882395194
-1.005120941153846,112.72864172649233
-0.9276530832307691,112.85022605833193
-0.8501852253076922,112.97181039017154
-0.7727173673846153,113.09339472201114
-0.6952495094615383,113.21497905385075
-0.6177816515384614,113.33656338569035
-0.5403137936153847,113.46625508699836
-0.46284593569230775,113.60454764959869
-0.38537807776923083,113.74284021219901
-0.3079102198461539,113.88113277479934
-0.23044236192307693,114.01942533739967
-0.152974504,114.1577179
-0.07577903658333336,114.52984118879499
0.0014164308333332876,114.90196447759
0.07861189824999995,115.274087766385
0.1558073656666666,115.64621105517999
0.23300283308333325,116.018334343975
0.3101983004999999,116.39045763277
0.3873937679166667,116.76258092156499
0.46458923533333324,117.04089924163686
0.5417847027499998,117.23043786229269
0.6189801701666666,117.41997648294853
0.6961756375833332,117.60951510360435
0.7733711049999998,117.79905372426018
0.8505665724166666,117.988592344916
0.9277620398333333,118.17813096557182
1.0049575072499999,118.36766958622765
1.0821529746666663,118.62101668411476
1.159348442083333,118.88959080434925
1.2365439094999997,119.15816492458376
1.3137393769166665,119.42673904481825
1.3909348443333331,119.69531316505275
1.4681303117499998,119.96388728528724
1.5453257791666666,120.23246140552173
1.6225212465833334,120.50103552575624
1.6997167139999998,120.70446730103806
1.7769121814166664,120.8990777175966
1.854107648833333,121.09368813415513
1.93130311625,121.28829855071366
2.008498583666667,121.48290896727221
2.0856940510833333,121.67751938383074
2.1628895185,121.87212980038927
2.2400849859166665,122.09323730619387
2.3172804533333333,122.35501476265097
2.39447592075,122.61679221910808
2.4716713881666665,122.87856967556519
2.5488668555833334,123.1403471320223
2.6260623229999993,123.4021245884794
2.7032577904166666,123.6639020449365
2.7804532578333334,123.92567950139362
2.85764872525,124.15934853522113
2.9348441926666666,124.30765124977653
3.0120396600833335,124.45595396433193
3.0892351275,124.60425667888732
3.1664305949166667,124.75255939344272
3.2436260623333335,124.91633847019573
3.32082152975,125.1489873564335
3.3980169971666667,125.38163624267125
3.475212464583333,124.45050562646534
3.552407932,101.6893641
3.48101983,85.72670883629567
3.409631728,70.8271765990454
3.338243626,41.84126568536324
3.266855524,28.6693080680908
3.195467422,1.942533387
3.117890607871795,-6.566002209148828
3.04031379374359,-18.86588865272782
2.962736979615385,-33.03532666198328
2.8851601654871795,-43.6224038672025
2.8075833513589745,-52.20979751180029
2.730006537230769,-60.41458375085128
2.652429723102564,-68.51876927730422
2.5748529089743593,-73.29123042277882
2.497276094846154,-78.00923071506874
2.419699280717949,-81.7588758752762
2.3421224665897435,-85.50852103548368
2.2645456524615386,-89.21323284647903
2.1869688383333337,-92.69627347994168
2.1093920242051283,-96.17931411340435
2.031815210076923,-99.41080047495615
1.954238395948718,-100.40624903854949
1.876661581820513,-101.40169760214282
1.7990847676923072,-102.39714616573617
1.7215079535641025,-103.3925947293295
1.6439311394358975,-104.38804329292284
1.5663543253076928,-105.38349185651617
1.488777511179487,-106.45148602560946
1.4112006970512818,-107.68171854975623
1.3336238829230767,-108.911951073903
1.2560470687948713,-110.14218359804977
1.178470254666667,-111.37241612219653
1.100893440538461,-112.60264864634331
1.023316626410256,-113.74118993297907
0.945739812282051,-114.86114515866798
0.8681629981538459,-115.98110038435688
0.7905861840256408,-117.10105561004578
0.7130093698974358,-118.22101083573467
0.6354325557692307,-119.34096606142357
0.5578557416410257,-120.46092128711247
0.48027892751282036,-121.26520841584376
0.40270211338461526,-121.86003353688282
0.3251252992564102,-122.45485865792187
0.2475484851282051,-123.04968377896094
0.169971671,-123.6445089
0.09277620358333331,-124.32173241495575
0.015580736166666637,-124.99895592991147
-0.06161473125000008,-125.67617944486722
-0.13881019866666672,-126.35340295982294
-0.21600566608333338,-127.03062647477869
-0.29320113350000016,-127.70784998973441
-0.3703966009166667,-128.38507350469015
-0.4475920683333334,-128.87541995207854
-0.5247875357500001,-129.3567819261381
-0.6019830031666669,-129.83814390019765
-0.6791784705833335,-130.3195058742572
-0.7563739380000001,-130.80086784831676
-0.8335694054166668,-131.3920400749352
-0.9107648728333334,-132.3521747506478
-0.9879603402500003,-133.31230942636037
-1.065155807666667,-134.27244410207294
-1.1423512750833336,-135.21520008674196
-1.2195467425000004,-136.15073375833282
-1.296742209916667,-137.08626742992365
-1.3739376773333336,-138.02180110151448
-1.4511331447500004,-138.95733477310534
-1.528328612166667,-139.81984297051105
-1.6055240795833337,-140.64166554738472
-1.6827195470000005,-141.4634881242584
-1.759915014416667,-142.35360157139186
-1.8371104818333335,-143.37660535748287
-1.9143059492500003,-144.39960914357388
-1.9915014166666667,-145.4120660735853
-2.0686968840833333,-146.14766807990603
-2.1458923515,-146.88327008622676
-2.2230878189166665,-147.6188720925475
-2.3002832863333333,-148.35447409886822
-2.37747875375,-149.27794195481997
-2.4546742211666666,-150.46859679167378
-2.5318696885833334,-151.65925162852756
-2.609065156,-152.84990646538137
-2.6862606234166666,-153.98485594949665
-2.763456090833333,-155.0515947970487
-2.8406515582500003,-156.11833364460077
-2.917847025666666,-157.1850724921528
-2.9950424930833335,-158.2518113397049
-3.0722379605000003,-159.1876990607097
-3.1494334279166667,-159.91484807994627
-3.2266288953333335,-160.64199709918284
-3.3038243627500004,-161.36914611841942
-3.3810198301666667,-162.0278956971733
-3.4582152975833336,-162.64853701697868
-3.535410765,-152.3721683
-3.4606232296,-96.80743136434847
-3.3858356942,-62.460855942196375
-3.3110481588,-40.69456870427241
-3.2362606234,-26.060064289029906
-3.161473088,-0.129878686
